gmm_cluster,n_pages,avg_pagerank,avg_in_degree,avg_out_degree,avg_mean_visits,avg_total_visits,avg_confidence
0,84,0.0026531327856120853,30.833333333333332,8.238095238095237,484.95409093870103,354501.4404761905,0.9424047090132364
4,248,0.0011927011640252964,17.447580645161292,1.7943548387096775,290.5933597369931,212423.74596774194,0.9497729738636658
1,278,0.0009580973359681831,30.097122302158272,13.611510791366907,599.2177858260587,438028.2014388489,0.9037829553622743
2,300,0.0005238889288686492,33.0,46.736666666666665,786.706730506156,575082.62,0.894096450445528
3,158,0.0003660077169022877,11.99367088607595,51.5,849.6140972138045,621067.9050632912,0.9172772856293726
