model,r2,mae,rmse,chosen_alpha
pagerank_only,0.020595948907525585,1.0056412739524425,1.2479107504143399,32.90344562312671
centrality_only,0.18897132280101991,0.9083599810215571,1.1355877092346083,62.10169418915616
svd_only,0.045113813286004056,0.9916895381386871,1.232191996273479,221.22162910704503
centrality_plus_svd,0.24182826714910055,0.8640849969485814,1.0979596302104866,221.22162910704503
